{"cameraMode":{"drawMode":0,"name":"Shaded","section":"Shading Mode"},"sceneLighting":true,"audioPlay":false,"sceneViewState":{"m_AlwaysRefresh":false,"showFog":true,"showSkybox":true,"showFlares":true,"showImageEffects":true,"showParticleSystems":true,"showVisualEffectGraphs":true,"m_FxEnabled":true},"in2DMode":false,"pivot":{"x":0.031327903270721439,"y":0.8652585744857788,"z":-0.011072129011154175},"rotation":{"x":-0.015899451449513437,"y":0.9814888834953308,"z":-0.0939175933599472,"w":-0.1661599725484848},"size":0.9297428727149963,"orthographic":false}